{"mse": 74248.75611470231, "rmse": 272.48624940481363, "mape": 2.0608358237340463}