{"mse": 564460.2214907269, "rmse": 751.3056777974774, "mape": 0.6711237449366542}