{"mse": 19045824.299834266, "rmse": 4364.15218568673, "mape": 30.331664942901085}