{"mse": 564117.6235111903, "rmse": 751.0776414667064, "mape": 0.696095707793291}